{"cameraMode":{"drawMode":0,"name":"Shaded","section":"Shading Mode"},"sceneLighting":true,"audioPlay":false,"sceneViewState":{"m_AlwaysRefresh":false,"showFog":true,"showSkybox":true,"showFlares":true,"showImageEffects":true,"showParticleSystems":true,"showVisualEffectGraphs":true,"m_FxEnabled":true},"in2DMode":false,"pivot":{"x":458.0259704589844,"y":452.55133056640627,"z":-626.2435302734375},"rotation":{"x":-0.06296215951442719,"y":-0.01772526279091835,"z":0.0008683513151481748,"w":-0.9979959726333618},"size":1.0285730361938477,"orthographic":false}